{"chat": 1774703080.2066283, "config": 1774702864.2061164}