{"chat": 1774690779.2054582, "config": 1774690777.200743}