{"chat": 1775368238.738824, "config": 1775366161.968999}