{"chat": 1775035310.8584445, "config": 1775034284.8317924}