{"chat": 1775625567.2297587, "config": 1775625576.503527}