{"chat": 1774895091.236902, "config": 1774895091.2554333}