{"config": 1775023537.7978723, "chat": 1775023538.209533}