{"chat": 1775584002.4245307, "config": 1775582632.2718995}