{"config": 1774773164.0219688, "chat": 1774804632.0133383}