{"chat": 1774853712.0261464, "config": 1774853712.018145}