{"config": 1775456300.233469, "chat": 1775456306.4579763}