{"chat": 1775739505.2245789, "config": 1775738205.3147948}