{"chat": 1775485737.1972678, "config": 1775477572.2016118}