{"chat": 1775740562.5903716, "config": 1775738205.3147948}