{"config": 1775277427.231077, "chat": 1775278221.2156363}