{"chat": 1775497594.4464464, "config": 1775496782.9130976}