{"config": 1775626467.2396474, "chat": 1775626467.2185726}