{"config": 1774704661.2818449, "chat": 1774704668.844299}