{"config": 1775457835.431353, "chat": 1775457850.1980863}