{"config": 1774773164.0219688, "chat": 1774774212.010015}