{"chat": 1775108617.209147, "config": 1775034284.8317924}