{"config": 1775458434.8972974, "chat": 1775462392.1974819}