{"chat": 1774693838.0666723, "config": 1774690777.200743}