{"chat": 1775550049.7510772, "config": 1775547498.6863043}