{"chat": 1774889988.649089, "config": 1774889850.5064487}