{"chat": 1775740502.1493742, "config": 1775738205.3147948}