{"chat": 1775735294.5209444, "config": 1775735167.9371243}