{"chat": 1775539012.203389, "config": 1775539012.2449226}