{"config": 1774970859.201057, "chat": 1774970913.9439223}