{"chat": 1775483917.196608, "config": 1775477572.2016118}