{"chat": 1775578668.166089, "config": 1775578492.2147563}