{"chat": 1775732706.296181, "config": 1775732706.1196399}