{"config": 1775634268.2776806, "chat": 1775634894.8763378}