{"chat": 1774706641.2232265, "config": 1774706641.215058}