{"chat": 1775042625.1887395, "config": 1775034284.8317924}