{"chat": 1774703094.4302227, "config": 1774702864.2061164}