{"chat": 1775734767.4064522, "config": 1775733181.11951}