{"chat": 1775738925.5749717, "config": 1775738205.3147948}