{"config": 1774773164.0219688, "chat": 1774796112.1532247}