{"chat": 1775358682.1573925, "config": 1775358355.246406}