{"config": 1775183361.2328353, "chat": 1775183361.2115884}