{"chat": 1775369841.8378117, "config": 1775369198.1788871}